Brand,Model,Price,Units_Sold,Revenue,RAM_GB,Storage_GB,Battery_mAh,Camera_MP,Customer_Rating,Warranty_Years,Launch_Year,price
Samsung,Galaxy S21,24269,3053,74093257,6,512,5000,64,3.6,2,2023,
Samsung,Galaxy S22,80999,2552,206709448,4,128,4000,108,4.0,1,2019,
Samsung,Galaxy Note 20,36933,1997,73755201,12,64,4500,108,4.4,3,2019,
Samsung,Galaxy A52,68407,4609,315287863,12,512,4000,48,5.0,1,2020,
Samsung,Galaxy M32,89243,2811,250862073,8,512,4000,64,4.0,1,2020,
Apple,iPhone 12,79850,4527,361480950,6,64,5000,12,4.1,3,2019,
Apple,iPhone 13,87393,1397,122088021,6,128,6000,12,4.5,2,2023,
Apple,iPhone 14,13723,2954,40537742,4,64,5000,108,3.4,2,2019,
Apple,iPhone SE,72926,4135,301549010,4,128,5000,64,4.4,1,2022,
Apple,iPhone 13 Pro,80309,1567,125844203,8,128,4500,48,3.1,3,2020,
Xiaomi,Mi 11,38560,2051,79086560,12,64,4500,48,4.3,2,2023,
Xiaomi,Redmi Note 10,83783,2400,201079200,6,256,3500,12,4.5,3,2020,
Xiaomi,Redmi Note 11,19563,3540,69253020,4,128,3500,48,4.2,3,2023,
Xiaomi,Poco X3,32276,4484,144725584,4,128,4000,12,3.6,3,2021,
Xiaomi,Mi 10T,40396,3257,131569772,4,64,5000,12,4.9,3,2021,
OnePlus,OnePlus 8,73706,3281,241829386,6,64,4000,48,4.3,3,2021,
OnePlus,OnePlus 9,54866,2311,126795326,8,256,3500,12,4.8,1,2020,
OnePlus,OnePlus 9R,19536,3078,60131808,8,512,3500,12,4.4,3,2022,
OnePlus,OnePlus Nord,21840,2681,58553040,8,256,3500,12,4.3,1,2022,
OnePlus,OnePlus 10,21655,1882,40754710,6,512,4000,108,3.7,3,2022,
Oppo,Reno 5,37321,3568,133161328,6,512,3500,108,4.1,1,2023,
Oppo,Reno 6,64675,3558,230113650,4,128,3500,48,3.7,1,2020,
Oppo,F19,23020,3803,87545060,6,128,5000,48,4.6,1,2019,
Oppo,A53,71823,3932,282408036,12,64,4500,12,4.3,1,2021,
Oppo,A74,29342,2599,76259858,12,256,4500,108,4.2,1,2022,
Vivo,V20,89796,4116,369600336,4,512,4500,108,3.7,1,2023,
Vivo,V21,13410,1988,26659080,8,64,6000,48,4.2,1,2022,
Vivo,Y20,47852,1284,61441968,12,512,4000,108,3.9,3,2023,
Vivo,Y21,69347,1604,111232588,6,512,5000,64,4.1,3,2021,
Vivo,X60,23482,2432,57108224,4,128,4000,108,4.2,3,2021,
Realme,Realme 7,14822,1694,25108468,6,128,4000,48,4.1,3,2020,
Realme,Realme 8,82272,2891,237848352,6,256,5000,108,4.9,1,2019,
Realme,Realme X7,39514,2868,113326152,12,512,5000,12,4.6,2,2019,
Realme,Realme Narzo 30,68368,526,35961568,8,128,4500,48,3.5,3,2020,
Realme,Realme GT,78113,3536,276207568,8,512,3500,12,4.8,2,2023,
Motorola,Moto G30,38086,4232,161179952,4,128,4500,108,4.1,2,2019,
Motorola,Moto G60,58088,3970,230609360,8,128,6000,48,4.5,1,2019,
Motorola,Moto Edge 20,64547,1340,86492980,6,128,5000,108,5.0,2,2022,
Motorola,Moto One Fusion,47806,2442,116742252,12,512,5000,12,3.5,2,2023,
Motorola,Moto E7,30966,2590,80201940,6,64,5000,64,3.6,1,2021,
Google,Pixel 4a,84569,989,83638741,4,128,6000,12,4.6,2,2022,
Google,Pixel 5,64811,803,52043233,12,64,4000,108,4.5,2,2020,
Google,Pixel 6,65351,1504,98287904,6,128,5000,48,3.6,2,2021,
Google,Pixel 6a,61997,809,50155573,6,128,3500,108,4.3,3,2019,
Google,Pixel 7,34787,1003,34891361,4,256,4000,12,4.7,1,2022,
Nokia,Nokia 5.3,62021,1779,110335359,8,256,4500,12,3.5,2,2022,
Nokia,Nokia 6.2,57920,3164,183258880,4,256,3500,108,3.6,2,2022,
Nokia,Nokia 7.2,76103,2012,153119236,4,128,5000,12,4.6,2,2023,
Nokia,Nokia 8.3,39440,555,21889200,8,128,4500,108,3.1,1,2023,
Nokia,Nokia X20,30147,4730,142595310,6,512,4500,108,3.8,3,2019,
